[
  {
    "library": "ion",
    "icons": [
      "home",
      "heart",
      "star",
      "camera",
      "settings",
      "person",
      "chatbubble",
      "search",
      "notifications",
      "calendar",
      "book",
      "time",
      "cloud",
      "sunny",
      "moon",
      "musical-notes",
      "game-controller",
      "construct",
      "restaurant",
      "airplane",
      "globe",
      "wallet",
      "bicycle",
      "car",
      "walk",
      "fitness",
      "shield",
      "leaf",
      "paw",
      "fish",
      "language"
    ]
  },
  {
    "library": "fa6-solid",
    "icons": [
      "house",
      "user",
      "gear",
      "camera",
      "heart",
      "star",
      "bell",
      "calendar",
      "chart-line",
      "wallet",
      "gamepad",
      "plane",
      "globe",
      "car",
      "cloud",
      "sun",
      "moon",
      "music",
      "magnifying-glass",
      "comments",
      "book",
      "clock",
      "shield-halved",
      "leaf",
      "paw",
      "fish",
      "basketball",
      "code",
      "language",
      "briefcase"
    ]
  },
  {
    "library": "mdi",
    "icons": [
      "home",
      "account",
      "cog",
      "camera",
      "heart",
      "star",
      "bell",
      "calendar",
      "chart-line",
      "wallet",
      "gamepad",
      "airplane",
      "earth",
      "car",
      "cloud",
      "weather-sunny",
      "moon-waning-crescent",
      "music",
      "magnify",
      "comment",
      "book",
      "clock",
      "shield",
      "leaf",
      "paw",
      "fish",
      "basketball",
      "code-tags",
      "translate",
      "briefcase"
    ]
  },
  {
    "library": "fa6-brands",
    "icons": [
      "facebook",
      "twitter",
      "instagram",
      "linkedin",
      "github",
      "gitlab",
      "google",
      "apple",
      "android",
      "microsoft",
      "whatsapp",
      "telegram",
      "youtube",
      "tiktok",
      "snapchat",
      "spotify",
      "slack",
      "discord",
      "paypal",
      "stripe",
      "aws",
      "docker",
      "figma",
      "dribbble",
      "behance",
      "medium",
      "reddit",
      "pinterest",
      "wordpress",
      "twitch",
      "vk",
      "yahoo",
      "weibo",
      "wechat",
      "kickstarter",
      "airbnb",
      "dropbox",
      "salesforce",
      "skype",
      "steam",
      "bitbucket",
      "npm",
      "stackoverflow",
      "patreon",
      "product-hunt",
      "evernote",
      "android-auto"
    ]
  },
  {
    "library": "material-symbols",
    "icons": [
      "home",
      "favorite",
      "star",
      "settings",
      "search",
      "person",
      "chat",
      "notifications",
      "calendar_month",
      "menu",
      "close",
      "check",
      "add",
      "remove",
      "edit",
      "delete",
      "download",
      "upload",
      "login",
      "logout",
      "lock",
      "map",
      "place",
      "language",
      "flight",
      "restaurant",
      "shopping_cart",
      "credit_card",
      "wallet",
      "attach_money",
      "camera_alt",
      "videocam",
      "music_note",
      "sports_esports",
      "photo",
      "cloud",
      "wb_sunny",
      "dark_mode",
      "schedule",
      "book",
      "bookmark",
      "school",
      "work",
      "build",
      "construction",
      "health_and_safety",
      "pets",
      "science",
      "travel_explore",
      "directions_walk",
      "directions_bike"
    ]
  }
]